{"init_params": {"cat_dims": [], "cat_emb_dim": [], "cat_idxs": [], "clip_value": 2.0, "device_name": "auto", "epsilon": 1e-15, "gamma": 1.5, "grouped_features": [], "input_dim": 30, "lambda_sparse": 0.0001, "mask_type": "entmax", "momentum": 0.3, "n_a": 64, "n_d": 64, "n_indep_decoder": 1, "n_independent": 2, "n_shared": 2, "n_shared_decoder": 1, "n_steps": 5, "optimizer_params": {"lr": 0.02, "weight_decay": 1e-05}, "output_dim": 2, "scheduler_params": {"mode": "max", "patience": 5, "min_lr": 1e-05, "factor": 0.9}, "seed": 0, "verbose": 10}, "class_attrs": {"preds_mapper": {"0": 0.0, "1": 1.0}}}